Symbol,Name,Last Sale,Net Change,% Change,Market Cap,Country,IPO Year,Volume,Sector,Industry
A,Agilent Technologies Inc. Common Stock,$145.78,-0.41,-0.28%,43156794295.00,United States,1999,117573,Industrials,Electrical Products
AA,Alcoa Corporation Common Stock ,$45.2082,-2.1018,-4.443%,7999010743.00,,2016,1029977,Industrials,Metal Fabrications
AB,AllianceBernstein Holding L.P.  Units,$39.98,0.58,1.472%,4014033739.00,United States,,22938,Finance,Investment Managers
ABB,ABB Ltd Common Stock,$30.65,-0.07,-0.228%,57468750000.00,Switzerland,,141509,Energy,Electrical Products
ABBV,AbbVie Inc. Common Stock,$156.30,1.32,0.852%,276413503400.00,United States,2012,520149,Health Care,Other Pharmaceuticals
ABC,AmerisourceBergen Corporation Common Stock,$162.70,0.70,0.432%,32937218383.00,United States,,92918,Health Care,Other Pharmaceuticals
ABT,Abbott Laboratories Common Stock,$103.902,0.032,0.031%,181160802578.00,United States,,297774,Health Care,Medical/Dental Instruments
ACA,Arcosa Inc. Common Stock ,$60.18,0.76,1.279%,2909972847.00,,2018,7028,Industrials,Engineering & Construction
ACN,Accenture plc Class A Ordinary Shares (Ireland),$286.64,0.14,0.049%,180606119734.00,Ireland,2001,105917,Technology,EDP Services
AEG,AEGON N.V. Common Stock,$4.80,-0.04,-0.826%,9490327570.00,Netherlands,,136866,Finance,Life Insurance
AEL,American Equity Investment Life Holding Company Common Stock,$38.39,0.49,1.293%,3290109761.00,United States,2003,24401,Finance,Life Insurance
AFG,American Financial Group Inc. Common Stock,$143.895,1.755,1.235%,12251724364.00,United States,,36434,Finance,Property-Casualty Insurers
AFL,AFLAC Incorporated Common Stock,$71.38,0.44,0.62%,44383267413.00,United States,,187369,Finance,Accident &Health Insurance
AGCO,AGCO Corporation Common Stock,$123.82,0.55,0.446%,9236733894.00,United States,,31498,Industrials,Industrial Machinery/Components
AGL,agilon health inc. Common Stock,$15.96,-1.21,-7.047%,6573202385.00,,2021,291301,Health Care,Managed Health Care
AGO,Assured Guaranty Ltd. Common Stock,$60.85,0.24,0.396%,3650662769.00,Bermuda,2004,13847,Finance,Property-Casualty Insurers
AIG,American International Group Inc. New Common Stock,$60.03,0.21,0.351%,51717389812.00,United States,,299915,Finance,Life Insurance
AIT,Applied Industrial Technologies Inc. Common Stock,$129.00,-0.46,-0.355%,4975783098.00,United States,,7484,Industrials,Industrial Machinery/Components
AIZ,Assurant Inc. Common Stock,$125.97,1.02,0.816%,6655175111.00,United States,2004,45553,Finance,Specialty Insurers
AJG,Arthur J. Gallagher & Co. Common Stock,$195.21,0.88,0.453%,41158154289.00,United States,,116017,Finance,Specialty Insurers
AJRD,Aerojet Rocketdyne Holdings Inc. Common Stock,$50.50,-0.71,-1.386%,4066898926.00,United States,,29548,Industrials,Military/Government/Technical
ALB,Albemarle Corporation Common Stock,$275.41,-1.57,-0.567%,32265050996.00,United States,,172209,Industrials,Industrial Specialties
ALC,Alcon Inc. Ordinary Shares,$65.77,0.07,0.107%,32233020740.00,Switzerland,2019,82442,Health Care,Ophthalmic Goods
ALIT,Alight Inc. Class A Common Stock,$8.20,-0.12,-1.442%,3807799617.00,,2021,75270,Technology,EDP Services
ALL,Allstate Corporation (The) Common Stock,$132.50,-0.24,-0.181%,35140268555.00,United States,,421327,Finance,Property-Casualty Insurers
ALLY,Ally Financial Inc. Common Stock,$26.03,0.02,0.077%,7773778807.00,United States,2014,361518,Finance,Diversified Financial Services
AMBP,Ardagh Metal Packaging S.A. Ordinary Shares,$4.425,-0.035,-0.785%,2668275000.00,,,123309,Industrials,Containers/Packaging
AMCR,Amcor plc Ordinary Shares,$11.855,0.035,0.296%,17652326836.00,,2019,448779,Industrials,Containers/Packaging
AMG,Affiliated Managers Group Inc. Common Stock,$154.31,0.44,0.286%,5812646913.00,United States,,12632,Finance,Investment Managers
AMN,AMN Healthcare Services Inc AMN Healthcare Services Inc,$120.87,-0.07,-0.058%,5238011563.00,United States,,22961,Health Care,Assisted Living Services
AMP,Ameriprise Financial Inc. Common Stock,$327.375,-1.325,-0.403%,34838330523.00,United States,,38347,Finance,Investment Managers
AMR,Alpha Metallurgical Resources Inc. Common Stock,$157.745,-2.195,-1.372%,2515030912.00,United States,2018,16038,Energy,Coal Mining
AMRC,Ameresco Inc. Class A Common Stock,$64.36,-0.20,-0.31%,3341197461.00,United States,2010,8994,Industrials,Water Sewer Pipeline Comm & Power Line Construction
AMX,America Movil S.A.B. de C.V. American Depository Receipt Series L,$20.13,0.17,0.852%,63923242783.00,Mexico,,76052,Telecommunications,Telecommunications Equipment
ANET,Arista Networks Inc. Common Stock,$135.65,0.17,0.125%,41450925360.00,,2014,259707,Technology,Computer peripheral equipment
AON,Aon plc Class A Ordinary Shares (Ireland),$303.81,2.49,0.826%,62843990486.00,United States,,55958,Finance,Specialty Insurers
AOS,A.O. Smith Corporation Common Stock,$61.455,0.175,0.286%,9388820012.00,United States,,80022,Industrials,Industrial Machinery/Components
APAM,Artisan Partners Asset Management Inc. Class A Common Stock,$34.4884,0.4484,1.317%,2342143698.00,United States,2013,48803,Finance,Investment Managers
APD,Air Products and Chemicals Inc. Common Stock,$297.06,0.58,0.196%,65887605593.00,United States,,66809,Industrials,Specialty Chemicals
APH,Amphenol Corporation Common Stock,$79.46,-0.25,-0.314%,47286212148.00,United States,,175031,Technology,Electrical Products
APO,Apollo Global Management Inc. (New) Common Stock,$62.035,0.095,0.153%,35501614677.00,,,110858,Finance,Investment Managers
AQUA,Evoqua Water Technologies Corp. Common Stock,$43.38,-0.15,-0.345%,5281384860.00,United States,2017,29862,Industrials,Office Equipment/Supplies/Services
AR,Antero Resources Corporation Common Stock,$33.6491,-0.5209,-1.524%,10099321285.00,,2013,962176,Energy,Oil & Gas Production
ARCH,Arch Resources Inc. Class A Common Stock,$150.00,-0.38,-0.253%,2712420000.00,United States,2016,63620,Energy,Coal Mining
ARES,Ares Management Corporation Class A Common Stock,$77.935,1.025,1.333%,13787479681.00,,2014,125824,Finance,Investment Managers
ARMK,Aramark Common Stock,$40.33,-0.31,-0.763%,10393714188.00,,2013,134660,Technology,Interactive Media
ARW,Arrow Electronics Inc. Common Stock,$108.01,-0.06,-0.056%,6643506839.00,United States,,17457,Technology,Electronic Components
ASAN,Asana Inc. Class A Common Stock,$16.815,-1.055,-5.904%,3548536306.00,,2020,624419,Technology,Retail: Computer Software & Peripheral Equipment
ASB,Associated Banc-Corp Common Stock,$24.205,0.215,0.896%,3639444388.00,United States,,76008,Finance,Major Banks
ASGN,ASGN Incorporated Common Stock,$87.99,0.19,0.216%,4390701000.00,United States,1992,11573,Technology,EDP Services
ASH,Ashland Inc. Common Stock,$112.08,0.20,0.179%,6067943504.00,United States,,16269,Industrials,Specialty Chemicals
ASX,ASE Technology Holding Co. Ltd. American Depositary Shares (each representing Two Common Shares) ,$6.28,-0.06,-0.946%,13463462862.00,,2018,2141566,Technology,Semiconductors
ATHM,Autohome Inc. American Depositary Shares each representing four class A ordinary shares.,$27.955,-0.435,-1.532%,3509613662.00,,2013,118549,Technology,EDP Services
ATI,ATI Inc. Common Stock,$28.86,-0.05,-0.173%,3734993783.00,United States,,60018,Industrials,Steel/Iron Ore
ATKR,Atkore Inc. Common Stock,$116.765,0.765,0.659%,4824830918.00,United States,2016,95852,Technology,Electrical Products
ATR,AptarGroup Inc. Common Stock,$106.165,0.125,0.118%,6930876709.00,United States,,8181,Health Care,Medical/Dental Instruments
AVAL,Grupo Aval Acciones y Valores S.A. ADR (Each representing 20 preferred shares),$2.155,0.005,0.233%,2558359511.00,,2014,7516,Finance,Commercial Banks
AVNT,Avient Corporation Common Stock,$32.17,-0.37,-1.137%,2925653392.00,United States,,13115,Industrials,Major Chemicals
AVTR,Avantor Inc. Common Stock,$20.685,-0.195,-0.934%,13945918304.00,,2019,318070,Industrials,Industrial Specialties
AX,Axos Financial Inc. Common Stock,$39.71,0.45,1.146%,2382573752.00,United States,2018,16376,Finance,Savings Institutions
AXP,American Express Company Common Stock,$152.70,0.20,0.131%,114102432679.00,United States,,231184,Finance,Finance: Consumer Services
AXS,Axis Capital Holdings Limited Common Stock,$55.36,-0.02,-0.036%,4687159363.00,Bermuda,2003,17382,Finance,Property-Casualty Insurers
AYX,Alteryx Inc. Class A Common Stock,$42.84,-1.36,-3.077%,2959935552.00,United States,2017,49594,Technology,Computer Software: Prepackaged Software
BA,Boeing Company (The) Common Stock,$173.22,-0.67,-0.385%,103236208518.00,United States,,635830,Industrials,Aerospace
BAC,Bank of America Corporation Common Stock,$37.415,0.225,0.605%,300159302222.00,United States,,4010755,Finance,Major Banks
BAK,Braskem SA ADR,$10.83,-0.10,-0.915%,4311980907.00,Brazil,,50241,Industrials,Major Chemicals
BALL,Ball Corporation Common Stock,$54.67,-0.42,-0.762%,17162014601.00,United States,,110043,Industrials,Containers/Packaging
BAP,Credicorp Ltd. Common Stock,$149.52,-1.62,-1.072%,11891774160.00,Peru,,12811,Finance,Major Banks
BAX,Baxter International Inc. Common Stock,$55.815,0.815,1.482%,28137500164.00,United States,,335989,Health Care,Medical/Dental Instruments
BBD,Banco Bradesco Sa American Depositary Shares,$2.88,-0.02,-0.69%,30696445521.00,Brazil,,4474695,Finance,Commercial Banks
BBVA,Banco Bilbao Vizcaya Argentaria S.A. Common Stock,$5.585,-0.025,-0.446%,33678201010.00,Spain,,139799,Finance,Commercial Banks
BCH,Banco De Chile Banco De Chile ADS,$18.115,0.075,0.416%,9149622112.00,Chile,,5008,Finance,Commercial Banks
BCO,Brinks Company (The) Common Stock,$60.15,0.00,0.00%,2793943801.00,United States,,3412,Technology,Security Systems Services
BCS,Barclays PLC Common Stock,$7.5646,-0.0354,-0.466%,29984394734.00,United Kingdom,,600916,Finance,Commercial Banks
BDC,Belden Inc Common Stock,$81.46,0.09,0.111%,3486947842.00,United States,,15000,Telecommunications,Telecommunications Equipment
BDX,Becton Dickinson and Company Common Stock,$234.49,8.90,3.945%,66875401813.00,United States,,537840,Health Care,Medical/Dental Instruments
BEKE,KE Holdings Inc American Depositary Shares (each representing three Class A Ordinary Shares),$14.555,-0.255,-1.722%,18403442924.00,China,2020,1310403,Finance,Real Estate
BEN,Franklin Resources Inc. Common Stock,$26.07,-0.08,-0.306%,13023492155.00,United States,,136050,Finance,Investment Managers
BERY,Berry Global Group Inc. Common Stock,$54.685,0.035,0.064%,6841093500.00,United States,2012,42607,Industrials,Plastic Products
BHC,Bausch Health Companies Inc. Common Stock,$7.19,-0.38,-5.02%,2601831862.00,Canada,,1019084,Health Care,Pharmaceuticals and Biotechnology
BILL,Bill.com Holdings Inc. Common Stock,$108.55,-4.76,-4.201%,11470656413.00,,2019,225824,Technology,Computer Software: Prepackaged Software
BIO,Bio-Rad Laboratories Inc. Class A Common Stock,$393.89,-4.23,-1.062%,11747426566.00,United States,1980,20865,Industrials,Biotechnology: Laboratory Analytical Instruments
BK,The Bank of New York Mellon Corporation Common Stock,$44.51,-0.05,-0.112%,35976540530.00,United States,,299360,Finance,Investment Managers
BKI,Black Knight Inc. Common Stock ,$61.115,0.315,0.518%,9535577332.00,,2017,120533,Technology,Computer Software: Prepackaged Software
BKU,BankUnited Inc. Common Stock,$36.185,0.125,0.347%,2796018894.00,United States,2011,14425,Finance,Savings Institutions
BLD,TopBuild Corp. Common Stock,$147.05,-1.04,-0.702%,4701531421.00,United States,2015,12335,Industrials,Engineering & Construction
BLK,BlackRock Inc. Common Stock,$726.38,5.77,0.801%,109099063221.00,United States,1999,82497,Finance,Investment Bankers/Brokers/Service
BMI,Badger Meter Inc. Common Stock,$116.525,0.345,0.297%,3410587587.00,United States,1971,2921,Industrials,Industrial Machinery/Components
BMY,Bristol-Myers Squibb Company Common Stock,$78.245,0.795,1.026%,166361416351.00,United States,,748299,Health Care,Biotechnology: Pharmaceutical Preparations
BNS,Bank Nova Scotia Halifax Pfd 3 Ordinary Shares,$51.43,-0.12,-0.233%,61269964428.00,Canada,,159447,Finance,Major Banks
BOH,Bank of Hawaii Corporation Common Stock,$79.785,0.375,0.472%,3192423881.00,United States,,5993,Finance,Major Banks
BOX,Box Inc. Class A Common Stock,$28.385,-0.155,-0.543%,4039764015.00,United States,2015,26315,Technology,Computer Software: Prepackaged Software
BP,BP p.l.c. Common Stock,$32.61,-1.43,-4.201%,99191907409.00,United Kingdom,,2381382,Energy,Integrated oil Companies
BRC,Brady Corporation Common Stock,$48.40,0.29,0.603%,2416076599.00,United States,,9190,Technology,Security Systems Services
BRO,Brown & Brown Inc. Common Stock,$57.26,0.32,0.562%,16217312734.00,United States,,53148,Finance,Specialty Insurers
BSAC,Banco Santander - Chile ADS,$14.50,0.09,0.625%,6831172082.00,Chile,,72278,Finance,Commercial Banks
BSBR,Banco Santander Brasil SA American Depositary Shares each representing one unit,$5.185,0.035,0.68%,38647177101.00,Brazil,2009,80209,Finance,Commercial Banks
BSM,Black Stone Minerals L.P. Common units representing limited partner interests,$17.8745,-0.0655,-0.365%,3743044117.00,United States,2015,277934,Energy,Oil & Gas Production
BSMX,Banco Santander Mexico S.A. Institucion de Banca Multiple Grupo Financiero Santander Mexico,$6.18,0.03,0.488%,8381715104.00,Mexico,2012,18208,Finance,Commercial Banks
BSX,Boston Scientific Corporation Common Stock,$42.95,-0.01,-0.023%,61517769562.00,United States,,375755,Health Care,Medical/Dental Instruments
BTI,British American Tobacco  Industries p.l.c. Common Stock ADR,$39.74,0.19,0.48%,89011580662.00,United Kingdom,1998,410533,Health Care, Medicinal Chemicals and Botanical Products 
BTU,Peabody Energy Corporation Common Stock ,$26.72,-0.53,-1.945%,3845008000.00,United States,2017,621265,Energy,Coal Mining
BX,Blackstone Inc. Common Stock,$90.72,-0.96,-1.047%,66619155154.00,United States,2007,393717,Finance,Investment Managers
BXSL,Blackstone Secured Lending Fund Common Shares of Beneficial Interest,$23.71,-0.17,-0.712%,3789396596.00,,2021,132453,Finance,Trusts Except Educational Religious and Charitable
C,Citigroup Inc. Common Stock,$48.635,-0.025,-0.051%,94198839041.00,United States,,1429788,Finance,Major Banks
CACI,CACI International Inc. Class A Common Stock,$303.11,-0.65,-0.214%,7122156271.00,United States,,6843,Technology,EDP Services
CADE,Cadence Bank Common Stock,$28.00,-0.12,-0.427%,5108452272.00,United States,,37971,Finance,Major Banks
CAH,Cardinal Health Inc. Common Stock,$78.33,0.65,0.837%,20532960371.00,United States,,694932,Health Care,Other Pharmaceuticals
CALX,Calix Inc Common Stock,$67.25,-2.57,-3.681%,4400926618.00,United States,2010,55784,Technology,Computer Software: Prepackaged Software
CAT,Caterpillar Inc. Common Stock,$229.25,-2.18,-0.942%,119303844634.00,United States,,380907,Industrials,Construction/Ag Equipment/Trucks
CB,Chubb Limited  Common Stock,$211.3515,1.2115,0.577%,87721497985.00,Switzerland,,83421,Finance,Property-Casualty Insurers
CBRE,CBRE Group Inc Common Stock Class A,$75.69,0.39,0.518%,23914144841.00,United States,,76841,Finance,Real Estate
CBT,Cabot Corporation Common Stock,$71.6646,-0.5654,-0.783%,4031030481.00,United States,,15736,Industrials,Specialty Chemicals
CBU,Community Bank System Inc. Common Stock,$64.415,0.455,0.711%,3461301183.00,United States,,5589,Finance,Major Banks
CC,Chemours Company (The) Common Stock,$32.145,-0.925,-2.797%,4851249595.00,United States,2015,91508,Industrials,Industrial Specialties
CCCS,CCC Intelligent Solutions Holdings Inc. Common Stock,$8.725,-0.025,-0.286%,5415707445.00,United States,2020,59794,Technology,Computer Software: Prepackaged Software
CCK,Crown Holdings Inc.,$80.23,-0.17,-0.211%,9623281139.00,United States,,49418,Industrials,Containers/Packaging
CDAY,Ceridian HCM Holding Inc. Common Stock,$64.8625,-0.4175,-0.64%,9962547061.00,United States,2018,48245,Technology,EDP Services
CE,Celanese Corporation Celanese Corporation Common Stock,$100.08,-1.15,-1.136%,10851481346.00,United States,2005,85951,Industrials,Major Chemicals
CEQP,Crestwood Equity Partners LP,$28.87,-0.44,-1.501%,3021314182.00,United States,,18776,Energy,Oilfield Services/Equipment
CF,CF Industries Holdings Inc. Common Stock,$99.81,-1.53,-1.51%,19581670302.00,United States,2005,239629,Industrials,Agricultural Chemicals
CFG,Citizens Financial Group Inc. Common Stock,$40.59,0.18,0.445%,19990208310.00,United States,2014,304291,Finance,Major Banks
CFR,Cullen/Frost Bankers Inc. Common Stock,$146.435,1.325,0.913%,9415583063.00,United States,,7589,Finance,Major Banks
CHE,Chemed Corp,$508.22,4.57,0.907%,7557386407.00,United States,,8212,Health Care,Medical/Nursing Services
CHT,Chunghwa Telecom Co. Ltd.,$34.68,-0.03,-0.086%,26902826196.00,Taiwan,,12779,Telecommunications,Telecommunications Equipment
CI,Cigna Corporation Common Stock,$320.235,1.025,0.321%,97908329946.00,United States,,174803,Health Care,Medical Specialities
CIB,BanColombia S.A. Common Stock,$25.51,0.11,0.433%,6134051693.00,Colombia,,15620,Finance,Commercial Banks
CIVI,Civitas Resources Inc. Common Stock,$63.44,-3.30,-4.945%,5399429089.00,United States,2017,69836,Energy,Oil & Gas Production
CLR,Continental Resources Inc. Common Stock,$74.23,0.03,0.04%,26946954409.00,United States,2007,498341,Energy,Oil & Gas Production
CLVT,Clarivate Plc Ordinary Shares,$9.125,-0.135,-1.458%,6151972764.00,,2019,1395304,Technology,EDP Services
CMA,Comerica Incorporated Common Stock,$70.21,0.31,0.443%,9194169338.00,United States,,119291,Finance,Major Banks
CMC,Commercial Metals Company Common Stock,$46.91,-0.55,-1.159%,5504545963.00,United States,,86909,Industrials,Steel/Iron Ore
CMI,Cummins Inc. Common Stock,$250.50,0.19,0.076%,35326126731.00,United States,,76687,Industrials,Construction/Ag Equipment/Trucks
CNA,CNA Financial Corporation Common Stock,$42.205,0.185,0.44%,11433055018.00,United States,,3572,Finance,Property-Casualty Insurers
CNC,Centene Corporation Common Stock,$82.385,-0.295,-0.357%,46651304808.00,United States,,220691,Health Care,Medical Specialities
CNHI,CNH Industrial N.V. Common Shares,$15.125,-0.255,-1.658%,20335258079.00,,2013,272161,Industrials,Construction/Ag Equipment/Trucks
CNM,Core & Main Inc. Class A Common Stock,$21.22,-0.06,-0.282%,3655159154.00,,2021,50250,Industrials,Industrial Machinery/Components
CNMD,CONMED Corporation Common Stock,$83.25,-0.79,-0.94%,2537660799.00,United States,1987,31872,Health Care,Biotechnology: Electromedical & Electrotherapeutic Apparatus
CNO,CNO Financial Group Inc. Common Stock,$22.67,-0.03,-0.132%,2593523264.00,United States,,32948,Finance,Life Insurance
CNX,CNX Resources Corporation Common Stock,$17.615,-0.365,-2.03%,3179102285.00,United States,1999,237141,Energy,Oil & Gas Production
COF,Capital One Financial Corporation Common Stock,$99.29,0.33,0.333%,37898851214.00,United States,1994,155839,Finance,Major Banks
COO,The Cooper Companies Inc. Common Stock,$305.91,-1.49,-0.485%,15095430271.00,United States,,13640,Health Care,Ophthalmic Goods
COP,ConocoPhillips Common Stock,$123.13,-5.46,-4.246%,153428730357.00,United States,,916761,Energy,Integrated oil Companies
CPE,Callon Petroleum Company Common Stock,$39.72,-2.61,-6.166%,2447090454.00,United States,,267470,Energy,Oil & Gas Production
CR,Crane Holdings Co. Common Stock,$105.00,0.21,0.20%,5895164835.00,United States,,5310,Industrials,Office Equipment/Supplies/Services
CRBG,Corebridge Financial Inc. Common Stock,$21.82,-0.11,-0.502%,14073900000.00,,2022,24067,Finance,Finance Companies
CRC,California Resources Corporation Common Stock,$44.155,-1.545,-3.381%,3244109002.00,,2020,56418,Energy,Oil & Gas Production
CRH,CRH PLC American Depositary Shares,$39.535,-0.125,-0.315%,29575893523.00,Ireland,,82892,Industrials,Building Materials
CRK,Comstock Resources Inc. Common Stock,$17.19,-0.40,-2.274%,4018294485.00,United States,,375932,Energy,Oil & Gas Production
CRM,Salesforce Inc. Common Stock,$145.2906,-2.7494,-1.857%,145290600000.00,United States,2004,949555,Technology,Computer Software: Prepackaged Software
CS,Credit Suisse Group American Depositary Shares,$4.205,-0.045,-1.059%,11003223500.00,Switzerland,,1713640,Finance,Investment Bankers/Brokers/Service
CTLT,Catalent Inc. Common Stock,$41.935,-1.105,-2.567%,7546773105.00,United States,2014,207401,Health Care,Biotechnology: Pharmaceutical Preparations
CTRA,Coterra Energy Inc. Common Stock,$26.035,-0.565,-2.124%,20527747483.00,United States,,1614502,Energy,Oil & Gas Production
CTVA,Corteva Inc. Common Stock ,$64.825,-0.375,-0.575%,46316943900.00,,2019,695715,Industrials,Major Chemicals
CVI,CVR Energy Inc. Common Stock,$38.86,-1.30,-3.237%,3906619077.00,United States,2007,93050,Energy,Integrated oil Companies
CVX,Chevron Corporation Common Stock,$177.42,-5.57,-3.044%,343066150831.00,United States,,1486575,Energy,Integrated oil Companies
CWAN,Clearwater Analytics Holdings Inc. Class A Common Stock,$18.23,0.05,0.275%,3451121519.00,,2021,18273,Technology,Computer Software: Prepackaged Software
CWK,Cushman & Wakefield plc Ordinary Shares,$11.06,0.00,0.00%,2496868615.00,,2018,139773,Finance,Real Estate
CX,Cemex S.A.B. de C.V. Sponsored ADR,$4.435,-0.065,-1.444%,6425333521.00,Mexico,,198452,Industrials,Building Materials
CXM,Sprinklr Inc. Class A Common Stock,$8.23,0.04,0.488%,2139675274.00,,2021,41047,Technology,Computer Software: Prepackaged Software
DASH,DoorDash Inc. Class A Common Stock,$55.37,-2.92,-5.009%,21495594946.00,,2020,570120,Industrials,Industrial Machinery/Components
DAVA,Endava plc American Depositary Shares (each representing one Class A Ordinary Share),$78.74,-0.34,-0.43%,4469662399.00,United States,2018,25742,Technology,EDP Services
DB,Deutsche Bank AG Common Stock,$10.5001,0.0001,0.001%,21390803720.00,Germany,,335042,Finance,Commercial Banks
DCI,Donaldson Company Inc. Common Stock,$60.18,0.32,0.535%,7369708095.00,United States,,12147,Industrials,Pollution Control Equipment
DE,Deere & Company Common Stock,$409.30,-4.96,-1.197%,123534774559.00,United States,,199963,Industrials,Industrial Machinery/Components
DELL,Dell Technologies Inc. Class C Common Stock ,$41.02,-1.02,-2.426%,30066018503.00,,2018,523557,Technology,Computer Manufacturing
DEN,Denbury Inc. Common Stock,$88.28,-4.46,-4.809%,4396353976.00,,2020,72000,Energy,Oil & Gas Production
DFS,Discover Financial Services Common Stock,$107.90,0.64,0.597%,29481060044.00,United States,,109221,Finance,Finance: Consumer Services
DGX,Quest Diagnostics Incorporated Common Stock,$148.54,2.12,1.448%,16916844200.00,United States,,85405,Health Care,Medical Specialities
DHR,Danaher Corporation Common Stock,$260.76,0.11,0.042%,189823554174.00,United States,,169063,Health Care,Medical Specialities
DINO,HF Sinclair Corporation Common Stock,$63.1305,-0.5895,-0.925%,12672219103.00,United States,1960,227122,Energy,Integrated oil Companies
DK,Delek US Holdings Inc. Common Stock,$32.75,-1.29,-3.79%,2282423349.00,United States,2017,213373,Energy,Integrated oil Companies
DKL,Delek Logistics Partners L.P. Common Units representing Limited Partner Interests,$54.13,-0.68,-1.241%,2354231649.00,United States,2012,1775,Energy,Oil & Gas Production
DLB,Dolby Laboratories Common Stock,$68.95,-0.12,-0.174%,6734800191.00,United States,2005,97030,Technology,EDP Services
DNA,Ginkgo Bioworks Holdings Inc. Class A Common Stock,$2.055,-0.135,-6.164%,3986658623.00,United States,2021,9623691,Health Care,Biotechnology: Biological Products (No Diagnostic Substances)
DNB,Dun & Bradstreet Holdings Inc. Common Stock,$12.89,-0.14,-1.074%,5616577475.00,United States,2020,175202,Technology,Internet and Information Services
DOCN,DigitalOcean Holdings Inc. Common Stock,$27.66,-0.61,-2.158%,2663577731.00,United States,2021,124310,Technology,Retail: Computer Software & Peripheral Equipment
DOCS,Doximity Inc. Class A Common Stock,$31.84,0.14,0.442%,6128825148.00,,2021,229367,Technology,Retail: Computer Software & Peripheral Equipment
DOV,Dover Corporation Common Stock,$139.76,0.29,0.208%,19615868052.00,United States,,47048,Industrials,Industrial Machinery/Components
DOW,Dow Inc. Common Stock ,$49.20,-0.87,-1.738%,34624956035.00,,2019,646727,Industrials,Major Chemicals
DQ,DAQO New Energy Corp. American Depositary Shares each representing five ordinary shares,$52.50,-0.59,-1.111%,3936436560.00,China,2010,77155,Technology,Semiconductors
DT,Dynatrace Inc. Common Stock,$36.535,-0.055,-0.15%,10516709099.00,United States,2019,246275,Technology,EDP Services
DV,DoubleVerify Holdings Inc. Common Stock,$25.86,0.06,0.233%,4263669750.00,,2021,91585,Technology,Computer Software: Prepackaged Software
DVA,DaVita Inc. Common Stock,$70.56,-0.09,-0.127%,6357456000.00,United States,,27470,Health Care,Medical/Nursing Services
DVN,Devon Energy Corporation Common Stock,$66.1372,-3.4828,-5.003%,43233887640.00,United States,1985,2612665,Energy,Oil & Gas Production
DXC,DXC Technology Company Common Stock ,$28.365,-0.145,-0.509%,6525800050.00,,,95083,Technology,EDP Services
DY,Dycom Industries Inc. Common Stock,$109.78,-0.26,-0.236%,3233886176.00,United States,,24883,Industrials,Water Sewer Pipeline Comm & Power Line Construction
E,ENI S.p.A. Common Stock,$27.72,-1.45,-4.971%,48832187093.00,Italy,,83555,Energy,Oil & Gas Production
EC,Ecopetrol S.A. American Depositary Shares,$9.6599,-0.2301,-2.327%,19859157947.00,Colombia,,344687,Energy,Oil & Gas Production
EFX,Equifax Inc. Common Stock,$197.725,-2.455,-1.226%,24210126999.00,United States,,112363,Finance,Advertising
EHC,Encompass Health Corporation Common Stock,$56.26,0.26,0.464%,5614099041.00,United States,,32142,Health Care,Medical Specialities
ELAN,Elanco Animal Health Incorporated Common Stock,$11.975,0.065,0.546%,5678610024.00,United States,2018,650928,Health Care,Biotechnology: Pharmaceutical Preparations
ELV,Elevance Health Inc. Common Stock,$498.84,3.52,0.711%,119136751005.00,United States,,137554,Health Care,Medical Specialities
EME,EMCOR Group Inc. Common Stock,$155.10,-0.23,-0.148%,7391329430.00,United States,,10982,Industrials,Engineering & Construction
EMN,Eastman Chemical Company Common Stock,$83.109,-1.141,-1.354%,9972279162.00,United States,,71576,Industrials,Major Chemicals
EMR,Emerson Electric Company Common Stock,$93.89,0.19,0.203%,55526546000.00,United States,,355556,Industrials,Industrial Machinery/Components
ENB,Enbridge Inc Common Stock,$39.835,-0.515,-1.276%,80658676935.00,Canada,,405264,Energy,Oil & Gas Production
ENOV,Enovis Corporation Common Stock,$54.86,0.08,0.146%,2970651390.00,United States,,5026,Industrials,Fluid Controls
ENR,Energizer Holdings Inc. Common Stock,$32.325,0.275,0.858%,2304515193.00,United States,2015,22385,Industrials,Metal Fabrications
ENV,Envestnet Inc Common Stock,$55.78,-0.36,-0.641%,3086091866.00,United States,2010,33056,Technology,EDP Services
EOG,EOG Resources Inc. Common Stock,$134.85,-6.17,-4.375%,79209473536.00,United States,,692199,Energy,Oil & Gas Production
EPAM,EPAM Systems Inc. Common Stock,$334.945,-6.515,-1.908%,19263855238.00,United States,2012,15084,Technology,EDP Services
EQNR,Equinor ASA,$33.11,-0.79,-2.33%,103717979300.00,Norway,,1114039,Energy,Integrated oil Companies
EQT,EQT Corporation Common Stock,$40.00,-1.03,-2.51%,14681840200.00,United States,,824357,Energy,Oil & Gas Production
ESAB,ESAB Corporation Common Stock,$45.90,0.20,0.438%,2757514058.00,,2022,15078,Industrials,Office Equipment/Supplies/Services
ESI,Element Solutions Inc. Common Stock,$19.06,-0.08,-0.418%,4614150621.00,United States,2014,46937,Industrials,Industrial Specialties
ESMT,EngageSmart Inc. Common Stock,$16.87,-0.22,-1.287%,2791681256.00,,2021,16572,Technology,EDP Services
ESNT,Essent Group Ltd. Common Shares,$38.32,-0.05,-0.13%,4127350749.00,,2013,23844,Finance,Property-Casualty Insurers
ESTC,Elastic N.V. Ordinary Shares,$55.855,-2.155,-3.715%,5310687144.00,United States,2018,90001,Technology,Computer Software: Prepackaged Software
ETN,Eaton Corporation PLC Ordinary Shares,$165.7486,0.7386,0.448%,65918218220.00,Ireland,,80128,Industrials,Industrial Machinery/Components
ETRN,Equitrans Midstream Corporation Common Stock ,$7.67,-0.31,-3.885%,3319430270.00,,2018,380632,Energy,Oilfield Services/Equipment
EVEX,Eve Holding Inc. Common Stock,$9.28,-0.21,-2.213%,2471927381.00,,2022,4833,Industrials,Aerospace
EVH,Evolent Health Inc Class A Common Stock,$26.76,-0.60,-2.193%,2707870223.00,United States,2015,117762,Health Care,Managed Health Care
EVR,Evercore Inc. Class A Common Stock,$111.77,-0.48,-0.428%,4340892188.00,United States,2006,15366,Finance,Investment Managers
EVTC,Evertec Inc. Common Stock,$32.50,-0.26,-0.794%,2119071370.00,Puerto Rico,2013,17943,Technology,EDP Services
EW,Edwards Lifesciences Corporation Common Stock,$73.91,-1.13,-1.506%,45695633481.00,United States,,1186691,Health Care,Industrial Specialties
EXP,Eagle Materials Inc Common Stock,$131.145,0.335,0.256%,4831993198.00,United States,,10084,Industrials,Building Materials
FAF,First American Corporation (New) Common Stock,$53.04,-0.01,-0.019%,5491852511.00,United States,,18593,Finance,Specialty Insurers
FBP,First BanCorp. New Common Stock,$15.10,0.16,1.071%,2787634058.00,Puerto Rico,,89570,Finance,Major Banks
FHI,Federated Hermes Inc. Common Stock,$38.00,0.28,0.742%,3381812546.00,United States,,43067,Finance,Investment Managers
FHN,First Horizon Corporation Common Stock,$24.505,0.045,0.184%,13154377168.00,United States,,603614,Finance,Major Banks
FICO,Fair Isaac Corproation Common Stock,$571.24,-4.96,-0.861%,14267072026.00,United States,,14326,Technology,Computer Software: Prepackaged Software
FIX,Comfort Systems USA Inc. Common Stock,$126.575,1.425,1.139%,4526425285.00,United States,1997,13693,Industrials,Engineering & Construction
FLR,Fluor Corporation Common Stock,$33.185,-0.395,-1.176%,4715200667.00,United States,,60643,Industrials,Oilfield Services/Equipment
FLS,Flowserve Corporation Common Stock,$30.85,-0.50,-1.595%,4031967466.00,United States,,72625,Industrials,Fluid Controls
FLT,FleetCor Technologies Inc. Common Stock,$187.65,-0.80,-0.425%,13839630729.00,United States,2010,34863,Technology,EDP Services
FMC,FMC Corporation Common Stock,$126.57,-1.08,-0.846%,15943506874.00,United States,,33515,Industrials,Agricultural Chemicals
FMS,Fresenius Medical Care AG Common Stock,$15.145,-0.205,-1.336%,8887493370.00,Germany,,136688,Health Care,Medical/Nursing Services
FNB,F.N.B. Corporation Common Stock,$13.825,0.015,0.109%,4849594482.00,United States,,113671,Finance,Major Banks
FNF,FNF Group of Fidelity National Financial Inc. Common Stock,$39.24,-0.46,-1.159%,10678461524.00,United States,2014,62289,Finance,Specialty Insurers
FOUR,Shift4 Payments Inc. Class A Common Stock,$46.87,-1.70,-3.50%,2654394569.00,United States,2020,56858,Technology,EDP Services
FRC,FIRST REPUBLIC BANK Common Stock,$122.89,0.94,0.771%,22479699088.00,United States,,77845,Finance,Commercial Banks
FSK,FS KKR Capital Corp. Common Stock,$19.165,-0.195,-1.007%,5423273523.00,,2014,147300,Finance,Investment Managers
FSS,Federal Signal Corporation Common Stock,$49.75,-0.39,-0.778%,3016668810.00,United States,,19352,Technology,Industrial Machinery/Components
FTI,TechnipFMC plc Ordinary Share,$11.61,-0.35,-2.926%,5183169108.00,,,676119,Industrials,Metal Fabrications
FTV,Fortive Corporation Common Stock ,$67.06,0.45,0.676%,23726381446.00,,2016,88477,Industrials,Industrial Machinery/Components
FUL,H. B. Fuller Company Common Stock,$77.305,0.125,0.162%,4121357059.00,United States,,15829,Industrials,Home Furnishings
GBCI,Glacier Bancorp Inc. Common Stock,$57.42,0.12,0.209%,6360238499.00,United States,,16636,Finance,Major Banks
GD,General Dynamics Corporation Common Stock,$249.23,1.01,0.407%,68425837550.00,United States,,79764,Industrials,Aerospace
GDDY,GoDaddy Inc. Class A Common Stock,$74.02,-0.01,-0.014%,11477969924.00,United States,2015,35873,Technology,EDP Services
GFF,Griffon Corporation Common Stock,$35.2527,-0.9073,-2.509%,2011657817.00,United States,,61834,Industrials,Building Products
GGB,Gerdau S.A. Common Stock,$5.6101,0.0201,0.36%,9387925576.00,Brazil,,2192493,Industrials,Steel/Iron Ore
GGG,Graco Inc. Common Stock,$70.205,0.345,0.494%,11831579498.00,United States,,62337,Industrials,Fluid Controls
GKOS,Glaukos Corporation Common Stock,$48.89,0.01,0.02%,2332213164.00,United States,2015,12695,Health Care,Biotechnology: Electromedical & Electrotherapeutic Apparatus
GL,Globe Life Inc. Common Stock,$115.76,2.04,1.794%,11260001709.00,United States,,49878,Finance,Life Insurance
GLW,Corning Incorporated Common Stock,$33.705,-0.185,-0.546%,28508072428.00,United States,,268701,Technology,Industrial Machinery/Components
GMED,Globus Medical Inc. Class A Common Stock,$68.70,-0.27,-0.391%,6859183666.00,United States,2012,24275,Health Care,Medical/Dental Instruments
GRMN,Garmin Ltd. Common Stock (Switzerland),$90.905,-0.125,-0.137%,17423209829.00,Switzerland,2000,33363,Industrials,Industrial Machinery/Components
GS,Goldman Sachs Group Inc. (The) Common Stock,$377.685,-1.515,-0.40%,127897204369.00,United States,1999,265840,Finance,Investment Bankers/Brokers/Service
GSK,GSK plc American Depositary Shares (Each representing two Ordinary Shares),$33.38,0.49,1.49%,67884708190.00,United Kingdom,2022,773363,Health Care,Biotechnology: Pharmaceutical Preparations
GTES,Gates Industrial Corporation plc Ordinary Shares,$11.62,0.07,0.606%,3282050327.00,,2018,50436,Industrials,Industrial Machinery/Components
GTLS,Chart Industries Inc. Common Stock,$127.38,1.06,0.839%,4666594833.00,United States,2006,121192,Technology,Electrical Products
GWRE,Guidewire Software Inc. Common Stock,$56.215,-0.845,-1.481%,4602665580.00,United States,2012,69854,Technology,Computer Software: Prepackaged Software
HAE,Haemonetics Corporation Common Stock,$78.88,-1.05,-1.314%,3991987595.00,United States,1991,15022,Health Care,Medical/Dental Instruments
HAL,Halliburton Company Common Stock,$34.2961,-2.4139,-6.576%,31142463069.00,United States,,2040579,Energy,Oilfield Services/Equipment
HAYW,Hayward Holdings Inc. Common Stock,$9.49,-0.06,-0.628%,2005014535.00,,2021,119536,Technology,Electronic Components
HCA,HCA Healthcare Inc. Common Stock,$230.73,0.65,0.283%,65231224191.00,United States,2011,97333,Health Care,Hospital/Nursing Management
HDB,HDFC Bank Limited Common Stock,$67.375,-0.515,-0.759%,125196172111.00,India,2001,136236,Finance,Commercial Banks
HEI,Heico Corporation Common Stock,$163.4726,-0.2874,-0.176%,22328994289.00,United States,2000,12514,Industrials,Military/Government/Technical
HES,Hess Corporation Common Stock,$136.99,-7.00,-4.861%,42235176757.00,United States,,413108,Energy,Oil & Gas Production
HIG,Hartford Financial Services Group Inc. (The) Common Stock,$74.04,0.35,0.475%,23552044703.00,United States,,68815,Finance,Property-Casualty Insurers
HII,Huntington Ingalls Industries Inc. Common Stock,$231.65,4.34,1.909%,9243654114.00,United States,,52514,Industrials,Metal Fabrications
HLI,Houlihan Lokey Inc. Class A Common Stock,$97.74,0.60,0.618%,6710136010.00,United States,2015,6243,Finance,Investment Managers
HOMB,Home BancShares Inc. Common Stock,$24.96,0.07,0.281%,5091122150.00,United States,2006,36802,Finance,Major Banks
HP,Helmerich & Payne Inc. Common Stock,$50.07,-3.63,-6.76%,5271871151.00,United States,,261821,Energy,Oil & Gas Production
HPE,Hewlett Packard Enterprise Company Common Stock,$15.545,-0.225,-1.427%,20001765428.00,United States,2015,1053956,Telecommunications,Telecommunications Equipment
HPQ,HP Inc. Common Stock,$29.01,-0.47,-1.594%,29182285429.00,United States,,857173,Technology,Computer Manufacturing
HSBC,HSBC Holdings plc. Common Stock,$28.715,0.165,0.578%,114677785694.00,United Kingdom,,380215,Finance,Savings Institutions
HUBB,Hubbell Inc Common Stock,$257.235,3.745,1.477%,13815018923.00,United States,2015,28057,Technology,Industrial Machinery/Components
HUBS,HubSpot Inc. Common Stock,$266.365,-6.235,-2.287%,12938996317.00,United States,2014,72211,Technology,Computer Software: Prepackaged Software
HUM,Humana Inc. Common Stock,$526.26,-3.64,-0.687%,66624683351.00,United States,,106631,Health Care,Medical Specialities
HUN,Huntsman Corporation Common Stock,$26.97,-0.44,-1.605%,5180922301.00,United States,2005,229921,Industrials,Major Chemicals
HWM,Howmet Aerospace Inc. Common Stock,$37.04,-0.06,-0.162%,15323893850.00,United States,,136288,Industrials,Military/Government/Technical
HXL,Hexcel Corporation Common Stock,$58.72,0.01,0.017%,4942539499.00,United States,,12707,Industrials,Industrial Machinery/Components
IBM,International Business Machines Corporation Common Stock,$147.8483,0.2083,0.141%,133673545755.00,United States,,394230,Technology,EDP Services
IBN,ICICI Bank Limited Common Stock,$22.675,-0.055,-0.242%,79046261571.00,India,,994091,Finance,Commercial Banks
IBP,Installed Building Products Inc. Common Stock,$77.56,-0.53,-0.679%,2218480635.00,,2014,3767,Industrials,Wholesale Distributors
ICE,Intercontinental Exchange Inc. Common Stock,$105.38,1.17,1.123%,58860170243.00,United States,2005,130884,Finance,Investment Bankers/Brokers/Service
ICL,ICL Group Ltd. Ordinary Shares,$7.95,-0.22,-2.693%,10248295106.00,Israel,2014,220856,Industrials,Agricultural Chemicals
IEX,IDEX Corporation Common Stock,$234.14,0.59,0.253%,17659098461.00,United States,1989,33234,Industrials,Fluid Controls
IFF,International Flavors & Fragrances Inc. Common Stock,$98.285,0.015,0.015%,25058965036.00,United States,,81709,Industrials,Major Chemicals
IFS,Intercorp Financial Services Inc. Common Shares,$22.71,0.00,0.00%,2621134400.00,,2019,835,Finance,Commercial Banks
IHS,IHS Holding Limited Ordinary Shares,$6.83,-0.12,-1.727%,2265429040.00,,2021,9975,Telecommunications,Telecommunications Equipment
INFA,Informatica Inc. Class A Common Stock,$17.0625,-0.4075,-2.333%,4829423013.00,,2021,28106,Technology,EDP Services
INFY,Infosys Limited American Depositary Shares,$19.29,-0.18,-0.924%,81171372938.00,India,,601864,Technology,EDP Services
ING,ING Group N.V. Common Stock,$11.645,-0.105,-0.894%,42979761243.00,Netherlands,1997,637089,Finance,Commercial Banks
INSP,Inspire Medical Systems Inc. Common Stock,$213.215,0.685,0.322%,6160290507.00,United States,2018,9382,Health Care,Biotechnology: Electromedical & Electrotherapeutic Apparatus
INST,Instructure Holdings Inc. Common Stock,$23.12,-0.43,-1.826%,3294669083.00,,2021,27598,Technology,Computer Software: Prepackaged Software
IOT,Samsara Inc. Class A Common Stock,$9.26,-0.09,-0.963%,4763267790.00,,2021,75298,Technology,Retail: Computer Software & Peripheral Equipment
IP,International Paper Company Common Stock,$35.84,0.07,0.196%,12747213123.00,United States,,316907,Industrials,Containers/Packaging
IQV,IQVIA Holdings Inc. Common Stock,$212.03,-1.75,-0.819%,39382457077.00,United States,2013,89212,Health Care,Managed Health Care
IR,Ingersoll Rand Inc. Common Stock,$53.61,-0.09,-0.168%,21708069082.00,United States,2017,65993,Industrials,Industrial Machinery/Components
IT,Gartner Inc. Common Stock,$338.68,0.99,0.293%,26763977018.00,United States,1993,20688,Finance,Diversified Commercial Services
ITCB,Itau CorpBanca American Depositary Shares (each representing 1500 shares of Common Stock no par value),$3.09,0.00,0.00%,2005446814.00,Chile,,556,Finance,Commercial Banks
ITGR,Integer Holdings Corporation Common Stock,$72.235,0.455,0.634%,2393217279.00,United States,,4384,Health Care,Medical/Dental Instruments
ITT,ITT Inc. Common Stock ,$84.38,0.09,0.107%,6978226000.00,United States,2011,15182,Industrials,Fluid Controls
ITUB,Itau Unibanco Banco Holding SA American Depositary Shares (Each repstg 500 Preferred shares),$4.935,-0.005,-0.101%,48367276967.00,Brazil,,7908051,Finance,Major Banks
ITW,Illinois Tool Works Inc. Common Stock,$228.41,1.53,0.674%,70164440827.00,United States,,64583,Industrials,Industrial Machinery/Components
IVZ,Invesco Ltd Common Stock,$18.97,0.03,0.158%,8627264014.00,United States,,299525,Finance,Investment Managers
IX,Orix Corp Ads Common Stock,$76.575,0.605,0.796%,18045717413.00,Japan,,2722,Finance,Diversified Financial Services
J,Jacobs Solutions Inc. Common Stock,$124.15,-1.89,-1.50%,15842236606.00,,2022,101013,Industrials,Oilfield Services/Equipment
JBL,Jabil Inc. Common Stock,$69.2201,-0.1499,-0.216%,9319695348.00,United States,1993,112701,Technology,Electrical Products
JBT,John Bean Technologies Corporation Common Stock,$92.95,0.68,0.737%,2961238094.00,United States,,2263,Industrials,Diversified Manufacture
JEF,Jefferies Financial Group Inc. Common Stock,$37.33,-0.27,-0.718%,8548199985.00,United States,,76913,Finance,Investment Bankers/Brokers/Service
JHX,James Hardie Industries plc American Depositary Shares (Ireland),$19.225,-0.315,-1.612%,8567715875.00,Ireland,,4405,Industrials,Building Materials
JKS,JinkoSolar Holding Company Limited American Depositary Shares (each representing 4 Common Shares),$47.43,-0.44,-0.919%,2377357984.00,China,2010,52563,Technology,Semiconductors
JLL,Jones Lang LaSalle Incorporated Common Stock,$157.235,1.315,0.843%,7462776251.00,United States,,25511,Finance,Real Estate
JNJ,Johnson & Johnson Common Stock,$175.25,-0.95,-0.539%,458188252127.00,United States,,756634,Health Care,Biotechnology: Pharmaceutical Preparations
JNPR,Juniper Networks Inc. Common Stock,$31.6316,0.0616,0.195%,10266210481.00,United States,1999,368662,Technology,Computer peripheral equipment
JPM,JP Morgan Chase & Co. Common Stock,$133.73,-0.11,-0.082%,392257489672.00,United States,,894395,Finance,Major Banks
JXN,Jackson Financial Inc. Class A Common Stock ,$37.00,0.29,0.79%,3072368038.00,,2021,66657,Finance,Life Insurance
KAI,Kadant Inc Common Stock,$189.92,-2.85,-1.478%,2215151102.00,United States,1992,4202,Technology,Industrial Machinery/Components
KB,KB Financial Group Inc,$36.71,-0.01,-0.027%,14176627749.00,South Korea,,7479,Finance,Commercial Banks
KBR,KBR Inc. Common Stock,$51.00,0.19,0.374%,6997007169.00,United States,2006,38102,Industrials,Oilfield Services/Equipment
KD,Kyndryl Holdings Inc. Common Stock,$9.94,-0.23,-2.262%,2254293226.00,,2021,173868,Technology,EDP Services
KEY,KeyCorp Common Stock,$18.63,0.02,0.107%,17381223518.00,United States,,1503285,Finance,Major Banks
KEYS,Keysight Technologies Inc. Common Stock,$172.395,0.495,0.288%,30823583829.00,United States,2014,104014,Industrials,Industrial Machinery/Components
KKR,KKR & Co. Inc. Common Stock,$51.42,-0.42,-0.81%,44278371995.00,United States,,141111,Finance,Investment Managers
KMPR,Kemper Corporation,$53.655,-0.055,-0.102%,3427757294.00,United States,,8112,Finance,Property-Casualty Insurers
KMT,Kennametal Inc. Common Stock,$26.41,-0.07,-0.264%,2128022381.00,United States,,20531,Industrials,Industrial Machinery/Components
KNSL,Kinsale Capital Group Inc. Common Stock,$308.87,0.86,0.279%,7128792184.00,United States,,5952,Finance,Property-Casualty Insurers
KNTK,Kinetik Holdings Inc. Class A Common Stock,$32.60,-1.00,-2.976%,4400848214.00,United States,2022,14652,Energy,Oil & Gas Production
KNX,Knight-Swift Transportation Holdings Inc.,$54.81,0.08,0.146%,8807747760.00,United States,2017,112824,Industrials,Trucking Freight/Courier Services
KOS,Kosmos Energy Ltd. Common Shares (DE),$6.235,-0.265,-4.077%,2842495979.00,Bermuda,2011,928679,Energy,Oil & Gas Production
KT,KT Corporation Common Stock,$13.4475,-0.1425,-1.049%,6886267825.00,South Korea,,53686,Telecommunications,Telecommunications Equipment
KWR,Quaker Houghton Common Stock,$187.09,-1.32,-0.701%,3354835018.00,United States,,1948,Industrials,Automotive Aftermarket
LAZ,Lazard LTD. Lazard LTD. Class A Common Stock,$36.77,0.18,0.492%,3159109221.00,Bermuda,2005,20254,Finance,Investment Managers
LBRT,Liberty Energy Inc. Class A common stock,$15.83,-1.00,-5.942%,2883574121.00,United States,2018,306120,Energy,Oilfield Services/Equipment
LDOS,Leidos Holdings Inc. Common Stock,$107.19,0.89,0.837%,14651753615.00,United States,,43907,Technology,EDP Services
LH,Laboratory Corporation of America Holdings Common Stock,$233.16,2.98,1.295%,20657976000.00,United States,,60770,Health Care,Medical Specialities
LHX,L3Harris Technologies Inc. Common Stock,$223.97,-0.03,-0.013%,42644513996.00,United States,,64912,Industrials,Industrial Machinery/Components
LII,Lennox International Inc. Common Stock,$268.78,0.21,0.078%,9525229644.00,United States,1999,15046,Industrials,Industrial Machinery/Components
LIN,Linde plc Ordinary Share,$334.18,-0.73,-0.218%,165211752004.00,,2018,95257,Industrials,Major Chemicals
LLY,Eli Lilly and Company Common Stock,$359.545,-2.125,-0.588%,341631713056.00,United States,,287220,Health Care,Biotechnology: Pharmaceutical Preparations
LMT,Lockheed Martin Corporation Common Stock,$483.0463,6.2263,1.306%,126593858153.00,United States,,162166,Industrials,Aerospace
LNC,Lincoln National Corporation Common Stock,$37.885,0.155,0.411%,6410727854.00,United States,,246382,Finance,Life Insurance
LPL,LG Display Co Ltd AMERICAN DEPOSITORY SHARES,$5.44,-0.12,-2.158%,3893034816.00,South Korea,2004,33903,Technology,Industrial Machinery/Components
LTHM,Livent Corporation Common Stock,$28.15,-0.62,-2.155%,5049371091.00,United States,2018,352982,Industrials,Industrial Specialties
LU,Lufax Holding Ltd American Depositary Shares two of which representing one Ordinary Share,$1.73,-0.15,-7.979%,3954456300.00,China,2020,2981788,Finance,Finance: Consumer Services
LUMN,Lumen Technologies Inc. Common Stock,$5.845,-0.025,-0.426%,6047136717.00,United States,,1912022,Telecommunications,Telecommunications Equipment
LYB,LyondellBasell Industries NV Ordinary Shares Class A (Netherlands),$81.01,-1.29,-1.567%,26378835317.00,Netherlands,,199430,Industrials,Major Chemicals
LYG,Lloyds Banking Group Plc American Depositary Shares,$2.13,-0.01,-0.467%,35821106019.00,United Kingdom,,1577415,Finance,Commercial Banks
MAIN,Main Street Capital Corporation Common Stock,$37.86,0.07,0.185%,2924828603.00,United States,2007,30328,Finance,Finance/Investors Services
MAS,Masco Corporation Common Stock,$49.80,-0.13,-0.26%,11231350325.00,United States,,60918,Industrials,Building Products
MC,Moelis & Company Class A Common Stock,$41.94,-0.18,-0.427%,2682832599.00,,2014,25526,Finance,Investment Bankers/Brokers/Service
MCK,McKesson Corporation Common Stock,$370.475,0.745,0.201%,52530939503.00,United States,,111497,Health Care,Other Pharmaceuticals
MCO,Moody's Corporation Common Stock,$290.53,-1.80,-0.616%,53225096000.00,United States,,68355,Finance,Advertising
MCY,Mercury General Corporation Common Stock,$36.80,-0.02,-0.054%,2037657474.00,United States,,12694,Finance,Property-Casualty Insurers
MDT,Medtronic plc. Ordinary Shares,$82.66,1.36,1.673%,109867810869.00,United States,,1019227,Health Care,Biotechnology: Electromedical & Electrotherapeutic Apparatus
MDU,MDU Resources Group Inc. Common Stock (Holding Company),$30.715,0.145,0.474%,6245917979.00,United States,,28784,Industrials,Consumer Electronics/Appliances
MET,MetLife Inc. Common Stock,$75.58,0.08,0.106%,59300536974.00,United States,2000,191997,Finance,Life Insurance
MFG,Mizuho Financial Group Inc. Sponosred ADR (Japan),$2.285,-0.015,-0.652%,28954593787.00,Japan,,38292,Finance,Major Banks
MFGP,Micro Focus Intl PLC ADS each representing One Ord Sh,$6.145,-0.005,-0.081%,2083585881.00,,2017,107689,Technology,Computer Software: Prepackaged Software
MGY,Magnolia Oil & Gas Corporation Class A Common Stock,$24.77,-1.54,-5.853%,4950832264.00,United States,2017,205658,Energy,Oil & Gas Production
MKL,Markel Corporation Common Stock,$1265.00,5.71,0.453%,17014757265.00,United States,1986,1378,Finance,Property-Casualty Insurers
MLI,Mueller Industries Inc. Common Stock,$68.32,-0.24,-0.35%,3884995484.00,United States,,22313,Industrials,Metal Fabrications
MLM,Martin Marietta Materials Inc. Common Stock,$356.99,0.67,0.188%,22165756851.00,United States,1994,87029,Industrials,Building Materials
MMC,Marsh & McLennan Companies Inc. Common Stock,$169.07,1.57,0.937%,83860327179.00,United States,,131519,Finance,Specialty Insurers
MMM,3M Company Common Stock,$126.55,-0.21,-0.166%,559596927146.00,United States,,202829,Industrials,Consumer Electronics/Appliances
MMP,Magellan Midstream Partners L.P. Limited Partnership,$51.02,-0.89,-1.715%,10455838649.00,United States,,53465,Energy,Oil & Gas Production
MO,Altria Group Inc.,$44.475,0.275,0.622%,79706877186.00,United States,,1320139,Health Care, Medicinal Chemicals and Botanical Products 
MOH,Molina Healthcare Inc Common Stock,$316.92,-0.83,-0.261%,18508128000.00,United States,2003,176371,Health Care,Medical Specialities
MOS,Mosaic Company (The) Common Stock,$48.085,-0.885,-1.807%,16372030520.00,United States,,658399,Industrials,Agricultural Chemicals
MPC,Marathon Petroleum Corporation Common Stock,$119.725,-1.455,-1.201%,56110418231.00,United States,,1132035,Energy,Integrated oil Companies
MPLX,MPLX LP Common Units Representing Limited Partner Interests,$32.61,-0.56,-1.688%,32715751262.00,United States,2012,90722,Energy,Oil & Gas Production
MRK,Merck & Company Inc. Common Stock (new),$104.825,0.595,0.571%,265772882975.00,United States,,1198287,Health Care,Biotechnology: Pharmaceutical Preparations
MRO,Marathon Oil Corporation Common Stock,$29.06,-1.74,-5.649%,18455071430.00,United States,,2534460,Energy,Oil & Gas Production
MS,Morgan Stanley Common Stock,$89.20,0.00,0.00%,150757760175.00,United States,,442607,Finance,Investment Bankers/Brokers/Service
MSA,MSA Safety Incorporated Common Stock,$139.3238,1.3538,0.981%,5461263076.00,United States,2000,1292,Technology,Security Systems Services
MSCI,MSCI Inc Common Stock,$489.84,-0.47,-0.096%,39166708033.00,United States,,16250,Finance,Advertising
MSI,Motorola Solutions Inc. Common Stock,$263.9648,1.0248,0.39%,44135761623.00,United States,,46025,Technology,Radio And Television Broadcasting And Communications Equipment
MSM,MSC Industrial Direct Company Inc. Common Stock,$85.015,-0.195,-0.229%,4750093764.00,United States,1995,9482,Industrials,Industrial Machinery/Components
MT,Arcelor Mittal NY Registry Shares NEW,$25.41,-0.48,-1.854%,20734560000.00,Luxembourg,,304079,Industrials,Steel/Iron Ore
MTB,M&T Bank Corporation Common Stock,$170.125,-0.485,-0.284%,29365844978.00,United States,,64327,Finance,Major Banks
MTD,Mettler-Toledo International Inc. Common Stock,$1394.05,-7.26,-0.518%,31079214175.00,Switzerland,1997,7298,Health Care,Medical Specialities
MTDR,Matador Resources Company Common Stock,$62.56,-5.12,-7.565%,7392184691.00,United States,2012,304702,Energy,Oil & Gas Production
MTG,MGIC Investment Corporation Common Stock,$13.3107,0.0207,0.156%,3953617190.00,United States,1991,191003,Finance,Property-Casualty Insurers
MTZ,MasTec Inc. Common Stock,$92.85,-0.75,-0.801%,7264051227.00,United States,,45919,Industrials,Water Sewer Pipeline Comm & Power Line Construction
MUFG,Mitsubishi UFJ Financial Group Inc. Common Stock,$5.0709,-0.0191,-0.375%,62012531567.00,Japan,,161565,Finance,Commercial Banks
MUR,Murphy Oil Corporation Common Stock,$44.45,-2.81,-5.946%,6909987329.00,United States,,306828,Energy,Oil & Gas Production
MYOV,Myovant Sciences Ltd. Common Shares,$26.76,-0.02,-0.075%,2590443142.00,United States,2016,29432,Health Care,Biotechnology: Pharmaceutical Preparations
NE,Noble Corporation plc A Ordinary Shares,$36.75,-1.51,-3.947%,4808397195.00,,2022,203199,Energy,Oil & Gas Production
NET,Cloudflare Inc. Class A Common Stock,$46.45,-0.56,-1.191%,15264629346.00,United States,2019,573826,Technology,EDP Services
NEWR,New Relic Inc. Common Stock,$52.23,0.92,1.793%,3569298075.00,United States,2014,62785,Technology,Computer Software: Prepackaged Software
NEX,NexTier Oilfield Solutions Inc. Common Stock,$9.435,-0.845,-8.22%,2316574144.00,United States,2017,697027,Energy,Oilfield Services/Equipment
NFG,National Fuel Gas Company Common Stock,$63.719,-0.121,-0.19%,5828890760.00,United States,,20522,Energy,Oil & Gas Production
NGVT,Ingevity Corporation Common Stock ,$76.755,-0.245,-0.318%,2868459384.00,,2016,5032,Industrials,Industrial Specialties
NIO,NIO Inc. American depositary shares each  representing one Class A ordinary share,$9.78,-0.69,-6.59%,16337818950.00,,2018,18589452,Finance,Finance Companies
NMR,Nomura Holdings Inc ADR American Depositary Shares,$3.5035,-0.0465,-1.31%,10516441621.00,Japan,,44257,Finance,Investment Bankers/Brokers/Service
NOC,Northrop Grumman Corporation Common Stock,$527.495,7.075,1.359%,81187892729.00,United States,,60346,Industrials,Industrial Machinery/Components
NOG,Northern Oil and Gas Inc. Common Stock,$34.53,-1.93,-5.293%,2943646831.00,United States,2022,238406,Energy,Oil & Gas Production
NOK,Nokia Corporation Sponsored American Depositary Shares,$4.735,-0.055,-1.148%,26508777695.00,Finland,1994,2616058,Technology,Radio And Television Broadcasting And Communications Equipment
NOV,NOV Inc. Common Stock,$21.59,-1.06,-4.68%,8480659065.00,United States,,343967,Industrials,Metal Fabrications
NOW,ServiceNow Inc. Common Stock,$389.17,-10.21,-2.556%,78612340000.00,United States,2012,131152,Technology,Computer Software: Prepackaged Software
NSC,Norfolk Southern Corporation Common Stock,$245.56,-1.20,-0.486%,56850630144.00,United States,,290498,Industrials,Railroads
NTR,Nutrien Ltd. Common Shares,$75.86,-1.94,-2.494%,39461146937.00,,2018,269254,Industrials,Agricultural Chemicals
NU,Nu Holdings Ltd. Class A Ordinary Shares,$4.265,-0.055,-1.273%,19983930213.00,Cayman Islands,2021,1967833,Finance,Finance: Consumer Services
NUE,Nucor Corporation Common Stock,$142.32,0.29,0.204%,36511300807.00,United States,,176953,Industrials,Steel/Iron Ore
NVO,Novo Nordisk A/S Common Stock,$113.88,0.44,0.388%,256474408914.00,Denmark,,115650,Health Care,Biotechnology: Biological Products (No Diagnostic Substances)
NVS,Novartis AG Common Stock,$86.27,0.57,0.665%,185566770000.00,Switzerland,,295710,Health Care,Biotechnology: Pharmaceutical Preparations
NVST,Envista Holdings Corporation Common Stock,$36.89,0.08,0.217%,6014730862.00,,2019,33199,Health Care,Medical/Dental Instruments
NVT,nVent Electric plc Ordinary Shares ,$39.35,-0.02,-0.051%,6555205454.00,,2018,30508,Technology,Electrical Products
NWG,NatWest Group plc American Depositary Shares (each representing two (2) Ordinary Shares),$6.125,-0.065,-1.05%,29593129335.00,United Kingdom,2022,143321,Finance,Commercial Banks
NYCB,New York Community Bancorp Inc. Common Stock,$9.335,-0.025,-0.267%,4351377880.00,United States,,580494,Finance,Banks
OGN,Organon & Co. Common Stock ,$24.27,-0.13,-0.533%,6173424206.00,,2021,93081,Health Care,Biotechnology: Pharmaceutical Preparations
OLN,Olin Corporation Common Stock,$55.195,-1.825,-3.201%,7559553398.00,United States,,447670,Industrials,Industrial Specialties
OMF,OneMain Holdings Inc. Common Stock,$36.90,0.11,0.299%,4509618962.00,,2013,97126,Finance,Finance: Consumer Services
ONTO,Onto Innovation Inc. Common Stock,$78.985,-0.745,-0.934%,3911094637.00,United States,,5642,Technology,Semiconductors
ORAN,Orange,$10.135,-0.005,-0.049%,26939989728.00,France,,53123,Telecommunications,Telecommunications Equipment
ORCC,Owl Rock Capital Corporation Common Stock,$12.9865,0.0165,0.127%,5114382558.00,,2019,162425,Finance,Diversified Financial Services
ORCL,Oracle Corporation Common Stock,$79.27,-0.46,-0.577%,213725103790.00,United States,1986,588863,Technology,Computer Software: Prepackaged Software
ORI,Old Republic International Corporation Common Stock,$23.805,0.045,0.189%,7243948626.00,United States,,82661,Finance,Specialty Insurers
OSH,Oak Street Health Inc. Common Stock,$19.30,-0.93,-4.597%,4688277160.00,United States,2020,98813,Health Care,Assisted Living Services
OTIS,Otis Worldwide Corporation Common Stock ,$77.955,0.195,0.251%,32474967633.00,,2020,306461,Technology,Consumer Electronics/Appliances
OVV,Ovintiv Inc. (DE),$51.82,-2.64,-4.848%,12864939276.00,Canada,,1215696,Energy,Oil & Gas Production
OWL,Blue Owl Capital Inc. Class A Common Stock,$12.00,0.13,1.095%,5263207164.00,United States,2020,226696,Finance,Investment Managers
OXY,Occidental Petroleum Corporation Common Stock,$68.1391,-3.1109,-4.366%,61932592090.00,United States,,4665126,Energy,Oil & Gas Production
PAGS,PagSeguro Digital Ltd. Class A Common Shares,$11.94,-0.13,-1.077%,3914675766.00,Cayman Islands,2018,199196,Technology,EDP Services
PATH,UiPath Inc. Class A Common Stock,$12.23,-0.27,-2.16%,6721690504.00,,2021,485294,Technology,Computer Software: Prepackaged Software
PAYC,Paycom Software Inc. Common Stock,$313.22,-3.17,-1.002%,18799579978.00,,2014,46096,Technology,Computer Software: Prepackaged Software
PB,Prosperity Bancshares Inc. Common Stock,$74.17,0.36,0.488%,6772354857.00,United States,,15483,Finance,Major Banks
PBA,Pembina Pipeline Corp. Ordinary Shares (Canada),$34.46,-0.72,-2.047%,19006895440.00,Canada,,89073,Energy,Oil & Gas Production
PBF,PBF Energy Inc. Class A Common Stock,$45.36,-0.48,-1.047%,5557499353.00,United States,2012,329587,Energy,Integrated oil Companies
PBH,Prestige Consumer Healthcare Inc. Common Stock,$59.88,0.13,0.218%,2965614006.00,United States,2005,3945,Health Care,Biotechnology: Pharmaceutical Preparations
PBR,Petroleo Brasileiro S.A.- Petrobras Common Stock,$11.235,-0.115,-1.013%,73275800578.00,Brazil,,9622135,Energy,Oil & Gas Production
PCOR,Procore Technologies Inc. Common Stock,$49.165,-1.145,-2.276%,6785218336.00,,2021,57602,Technology,EDP Services
PEN,Penumbra Inc. Common Stock,$190.44,-0.84,-0.439%,7232626302.00,,2015,18053,Health Care,Medical/Dental Instruments
PFE,Pfizer Inc. Common Stock,$47.85,-0.38,-0.788%,268597100595.00,United States,,1710406,Health Care,Biotechnology: Pharmaceutical Preparations
PFSI,PennyMac Financial Services Inc. Common Stock,$54.91,0.17,0.311%,2749970443.00,United States,2013,8323,Finance,Finance: Consumer Services
PGR,Progressive Corporation (The) Common Stock,$128.62,0.26,0.203%,75242700000.00,United States,,126848,Finance,Property-Casualty Insurers
PH,Parker-Hannifin Corporation Common Stock,$305.93,0.30,0.098%,39283165285.00,United States,,34348,Industrials,Office Equipment/Supplies/Services
PHG,Koninklijke Philips N.V. NY Registry Shares,$14.00,-0.11,-0.78%,12394872000.00,Netherlands,,292226,Health Care,Biotechnology: Electromedical & Electrotherapeutic Apparatus
PHI,PLDT Inc. Sponsored ADR,$27.41,-0.29,-1.047%,5920560000.00,Philippines,,1840,Telecommunications,Telecommunications Equipment
PINS,Pinterest Inc. Class A Common Stock,$24.16,-0.22,-0.902%,16386058520.00,,2019,996375,Technology,Interactive Media
PIPR,Piper Sandler Companies Common Stock,$146.45,1.32,0.91%,2611636260.00,United States,,5813,Finance,Investment Bankers/Brokers/Service
PKI,PerkinElmer Inc. Common Stock,$134.39,-1.78,-1.307%,16975596489.00,United States,,56112,Health Care,Medical Specialities
PLTR,Palantir Technologies Inc. Class A Common Stock,$7.09,-0.30,-4.06%,14748582160.00,,2020,5953624,Technology,Retail: Computer Software & Peripheral Equipment
PM,Philip Morris International Inc Common Stock,$96.71,0.43,0.447%,149920064917.00,United States,,221612,Health Care, Medicinal Chemicals and Botanical Products 
PNC,PNC Financial Services Group Inc. (The) Common Stock,$162.38,1.22,0.757%,65490944579.00,United States,,83249,Finance,Major Banks
PNR,Pentair plc. Ordinary Share,$44.905,-0.125,-0.278%,7386798586.00,Switzerland,,64155,Industrials,Fluid Controls
PR,Permian Resources Corporation Class A Common Stock,$9.805,-0.975,-9.045%,2828747785.00,United States,2022,1561686,Energy,Oil & Gas Production
PRGO,Perrigo Company plc Ordinary Shares,$31.735,-0.125,-0.392%,4272792339.00,United States,,62871,Health Care,Biotechnology: Pharmaceutical Preparations
PRI,Primerica Inc. Common Stock,$142.36,-0.82,-0.573%,5252823481.00,United States,2010,2374,Finance,Life Insurance
PRU,Prudential Financial Inc. Common Stock,$106.33,-1.00,-0.932%,39129440000.00,United States,2001,102209,Finance,Life Insurance
PSN,Parsons Corporation Common Stock,$48.75,0.21,0.433%,5045767301.00,,2019,21597,Industrials,Industrial Machinery/Components
PSTG,Pure Storage Inc. Class A Common Stock,$30.36,-0.39,-1.268%,9075157068.00,,2015,241343,Technology,Electronic Components
PSX,Phillips 66 Common Stock,$107.69,-1.30,-1.193%,50897763018.00,United States,,344273,Energy,Integrated oil Companies
PUK,Prudential Public Limited Company Common Stock,$22.68,-0.67,-2.869%,31177230467.00,United Kingdom,,88589,Finance,Life Insurance
PWR,Quanta Services Inc. Common Stock,$148.12,-0.54,-0.363%,21166519227.00,United States,,37444,Industrials,Engineering & Construction
PWSC,PowerSchool Holdings Inc. Class A Common Stock,$19.78,-0.07,-0.353%,3944563184.00,,2021,7540,Technology,Computer Software: Prepackaged Software
PXD,Pioneer Natural Resources Company Common Stock,$238.7138,-11.2262,-4.492%,56718096430.00,United States,,470646,Energy,Oil & Gas Production
QGEN,Qiagen N.V. Common Shares ,$48.54,0.39,0.81%,11052558000.00,Netherlands,,253457,Health Care,Biotechnology: Biological Products (No Diagnostic Substances)
RBC,RBC Bearings Incorporated Common Stock,$246.93,3.00,1.23%,7165253248.00,United States,2022,6365,Industrials,Metal Fabrications
RBLX,Roblox Corporation Class A Common Stock,$30.27,-1.45,-4.571%,18186703075.00,,2021,2711054,Technology,EDP Services
RDN,Radian Group Inc. Common Stock,$19.165,0.045,0.235%,3009392385.00,United States,,110066,Finance,Property-Casualty Insurers
RDY,Dr. Reddy's Laboratories Ltd Common Stock,$53.86,-0.09,-0.167%,8942475010.00,India,,9355,Health Care,Biotechnology: Pharmaceutical Preparations
RE,Everest Re Group Ltd. Common Stock,$323.89,0.40,0.124%,12685162862.00,Bermuda,,17461,Finance,Property-Casualty Insurers
REX,REX American Resources Corporation,$32.31,-0.32,-0.981%,2871011285.00,United States,,1677,Industrials,Major Chemicals
REZI,Resideo Technologies Inc. Common Stock ,$16.04,-0.12,-0.743%,2339335498.00,,2018,21038,Technology,Security Systems Services
RF,Regions Financial Corporation Common Stock,$22.47,-0.02,-0.089%,20996992767.00,United States,,775314,Finance,Major Banks
RGA,Reinsurance Group of America Incorporated Common Stock,$139.70,0.87,0.627%,9336989060.00,United States,,17189,Finance,Life Insurance
RIG,Transocean Ltd (Switzerland) Common Stock,$3.805,-0.335,-8.092%,2746785465.00,Switzerland,,7635919,Energy,Oil & Gas Production
RJF,Raymond James Financial Inc. Common Stock,$122.62,1.03,0.847%,26375562000.00,United States,,61948,Finance,Investment Bankers/Brokers/Service
RLI,RLI Corp. Common Stock (DE),$131.72,1.47,1.129%,5977212684.00,United States,,4771,Finance,Property-Casualty Insurers
RMD,ResMed Inc. Common Stock,$224.33,-0.07,-0.031%,32860677205.00,United States,,17784,Health Care,Medical/Dental Instruments
RNG,RingCentral Inc. Class A Common Stock,$35.745,-0.465,-1.284%,3426879548.00,,2013,140061,Technology,EDP Services
RNR,RenaissanceRe Holdings Ltd. Common Stock,$182.805,1.015,0.558%,7988924001.00,Bermuda,,22171,Finance,Property-Casualty Insurers
ROK,Rockwell Automation Inc. Common Stock,$264.855,0.115,0.043%,30417047878.00,United States,,72338,Industrials,Industrial Machinery/Components
ROP,Roper Technologies Inc. Common Stock,$435.10,2.09,0.483%,46143248695.00,United States,1992,36712,Industrials,Office Equipment/Supplies/Services
RRC,Range Resources Corporation Common Stock,$27.90,-0.30,-1.064%,6741620825.00,United States,,473129,Energy,Oil & Gas Production
RS,Reliance Steel & Aluminum Co. Common Stock (DE),$206.47,0.52,0.252%,12117910742.00,United States,1994,9174,Industrials,Steel/Iron Ore
RTX,Raytheon Technologies Corporation Common Stock,$95.40,0.04,0.042%,140243797935.00,United States,,386788,Industrials,Military/Government/Technical
S,SentinelOne Inc. Class A Common Stock,$16.29,-0.35,-2.103%,4576114945.00,United States,2021,274930,Technology,EDP Services
SAIC,SCIENCE APPLICATIONS INTERNATIONAL CORPORATION Common Stock,$108.09,1.03,0.962%,5958792005.00,,,12834,Technology,EDP Services
SAN,Banco Santander S.A. Sponsored ADR (Spain),$2.735,0.055,2.052%,45932688332.00,Spain,,1139413,Finance,Commercial Banks
SAP,SAP  SE ADS,$109.38,0.59,0.542%,127930848000.00,Germany,,133862,Technology,EDP Services
SCHW,Charles Schwab Corporation (The) Common Stock,$79.945,0.135,0.169%,149236479095.00,United States,,430991,Finance,Investment Bankers/Brokers/Service
SE,Sea Limited American Depositary Shares each representing one Class A Ordinary Share,$55.99,-0.95,-1.668%,31451708380.00,United States,2017,1040588,Technology,Computer Software: Prepackaged Software
SEE,Sealed Air Corporation Common Stock,$51.685,0.545,1.066%,7476624025.00,United States,,130561,Industrials,Containers/Packaging
SEM,Select Medical Holdings Corporation Common Stock,$23.7601,-0.3499,-1.451%,3017143391.00,United States,2009,22549,Health Care,Hospital/Nursing Management
SF,Stifel Financial Corporation Common Stock,$63.56,0.16,0.252%,6755196716.00,United States,,15260,Finance,Investment Bankers/Brokers/Service
SFBS,ServisFirst Bancshares Inc. Common Stock,$75.28,0.03,0.04%,4089538950.00,United States,,5877,Finance,Major Banks
SGFY,Signify Health Inc. Class A Common Stock,$28.515,-0.035,-0.123%,6728080887.00,,2021,114700,Technology,Retail: Computer Software & Peripheral Equipment
SHEL,Royal Dutch Shell PLC American Depositary Shares (each representing two (2) Ordinary Shares) ,$54.11,-1.83,-3.271%,191494601504.00,Netherlands,2022,985005,Energy,Oil & Gas Production
SHG,Shinhan Financial Group Co Ltd American Depositary Shares,$26.81,-0.27,-0.997%,13751593755.00,South Korea,,7811,Finance,Major Banks
SHOP,Shopify Inc. Class A Subordinate Voting Shares,$35.1699,-1.4201,-3.881%,44739252945.00,Canada,2015,2776565,Technology,Computer Software: Prepackaged Software
SID,Companhia Siderurgica Nacional S.A. Common Stock,$2.615,-0.065,-2.425%,3628375383.00,Brazil,,871745,Industrials,Steel/Iron Ore
SKM,SK Telecom Co. Ltd. Common Stock,$20.335,-0.185,-0.902%,7988615833.00,South Korea,,295006,Telecommunications,Telecommunications Equipment
SLB,Schlumberger N.V. Common Stock,$50.505,-2.935,-5.492%,71615775606.00,France,,2841154,Energy,Oilfield Services/Equipment
SLGN,Silgan Holdings Inc. Common Stock,$51.00,0.21,0.413%,5614029357.00,United States,2022,16713,Industrials,Containers/Packaging
SM,SM Energy Company Common Stock,$41.50,-2.90,-6.532%,5096035909.00,United States,,171068,Energy,Oil & Gas Production
SMAR,Smartsheet Inc. Class A Common Stock,$27.65,-0.72,-2.538%,3611095198.00,United States,2018,77932,Technology,EDP Services
SMFG,Sumitomo Mitsui Financial Group Inc Unsponsored American Depositary Shares (Japan),$6.4875,-0.0825,-1.256%,44479066466.00,Japan,,198392,Finance,Commercial Banks
SMG,Scotts Miracle-Gro Company (The) Common Stock,$56.72,0.17,0.301%,3142608411.00,United States,1992,61115,Industrials,Agricultural Chemicals
SNAP,Snap Inc. Class A Common Stock,$10.25,-0.27,-2.567%,16534285978.00,United States,2017,3492308,Technology,Internet and Information Services
SNDR,Schneider National Inc. Common Stock,$25.09,-0.06,-0.239%,4466328105.00,United States,2017,21239,Industrials,Trucking Freight/Courier Services
SNN,Smith & Nephew SNATS Inc. Common Stock,$25.595,-0.135,-0.525%,11142727683.00,United Kingdom,,91699,Health Care,Industrial Specialties
SNOW,Snowflake Inc. Class A Common Stock,$140.855,-5.345,-3.656%,45073600000.00,United States,2020,599612,Technology,Computer Software: Prepackaged Software
SNV,Synovus Financial Corp. Common Stock,$41.065,-0.225,-0.545%,5973228212.00,United States,,57176,Finance,Major Banks
SON,Sonoco Products Company Common Stock,$59.93,-0.02,-0.033%,5843907704.00,United States,,25060,Industrials,Containers/Packaging
SPGI,S&P Global Inc. Common Stock,$341.99,-3.88,-1.122%,111420342000.00,United States,,177828,Finance,Advertising
SPR,Spirit Aerosystems Holdings Inc. Common Stock,$24.91,-0.33,-1.307%,2621866503.00,United States,2006,109582,Industrials,Military/Government/Technical
SPXC,SPX Technologies Inc. Common Stock,$71.26,0.42,0.593%,3220027188.00,United States,,2304,Industrials,Industrial Machinery/Components
SQ,Block Inc. Class A Common Stock,$63.335,-2.485,-3.775%,37878832992.00,United States,2015,1463112,Technology,Computer Software: Prepackaged Software
SQM,Sociedad Quimica y Minera S.A. Common Stock,$94.56,4.33,4.799%,27009911124.00,Chile,1993,524083,Industrials,Agricultural Chemicals
SQSP,Squarespace Inc. Class A Common Stock,$21.00,0.87,4.322%,2873422545.00,,2021,87389,Technology,EDP Services
SSL,Sasol Ltd. American Depositary Shares,$16.74,-0.45,-2.618%,10535605723.00,South Africa,,102510,Energy,Oil & Gas Production
ST,Sensata Technologies Holding plc Ordinary Shares,$44.18,0.15,0.341%,6757841367.00,Netherlands,2010,51735,Industrials,Industrial Machinery/Components
STE,STERIS plc (Ireland) Ordinary Shares,$175.315,9.305,5.605%,17500461005.00,United States,,203832,Health Care,Industrial Specialties
STM,STMicroelectronics N.V. Common Stock,$37.99,-0.32,-0.835%,34362523520.00,Switzerland,,337149,Technology,Semiconductors
STT,State Street Corporation Common Stock,$76.44,0.85,1.124%,28048904837.00,United States,,251423,Finance,Investment Managers
SUM,Summit Materials Inc. Class A Common Stock,$28.961,-0.279,-0.954%,3371786655.00,United States,2015,18977,Industrials,Building Materials
SUN,Sunoco LP Common Units representing limited partner interests,$42.885,-0.435,-1.004%,3592189121.00,United States,2012,27038,Energy,Oil Refining/Marketing
SWCH,Switch Inc. Class A Common Stock,$34.15,0.00,0.00%,5394098263.00,,2017,321980,Technology,EDP Services
SWN,Southwestern Energy Company Common Stock,$6.47,-0.17,-2.56%,7140153988.00,United States,,2415099,Energy,Oil & Gas Production
SXT,Sensient Technologies Corporation Common Stock,$72.735,0.005,0.007%,3057611018.00,United States,,3242,Industrials,Major Chemicals
SYF,Synchrony Financial Common Stock,$35.89,0.00,0.00%,16169931851.00,United States,2014,407764,Finance,Diversified Financial Services
SYK,Stryker Corporation Common Stock,$226.28,2.67,1.194%,85631124334.00,United States,,159857,Health Care,Medical/Dental Instruments
TAK,Takeda Pharmaceutical Company Limited American Depositary Shares (each representing 1/2 of a share of Common Stock),$14.045,-0.055,-0.39%,43666601239.00,,2018,198544,Health Care,Biotechnology: Pharmaceutical Preparations
TD,Toronto Dominion Bank (The) Common Stock,$66.67,-0.12,-0.18%,120879377000.00,Canada,,191247,Finance,Commercial Banks
TDC,Teradata Corporation Common Stock,$31.87,0.04,0.126%,3244366000.00,United States,,55615,Technology,EDP Services
TDG,Transdigm Group Incorporated Common Stock,$617.97,-2.64,-0.425%,33601869090.00,United States,2006,10136,Industrials,Military/Government/Technical
TDOC,Teladoc Health Inc. Common Stock,$28.26,-0.53,-1.841%,4576059479.00,United States,2015,456105,Health Care,Medical/Nursing Services
TDY,Teledyne Technologies Incorporated Common Stock,$404.64,-2.45,-0.602%,18965919072.00,United States,,21027,Industrials,Industrial Machinery/Components
TEF,Telefonica SA Common Stock,$3.70,0.02,0.543%,21368378950.00,Spain,1988,82819,Telecommunications,Telecommunications Equipment
TEL,TE Connectivity Ltd. New Switzerland Registered Shares,$125.99,-0.40,-0.316%,39967878632.00,Switzerland,,71935,Technology,Electronic Components
TEVA,Teva Pharmaceutical Industries Limited American Depositary Shares,$8.545,-0.175,-2.007%,9490459893.00,Israel,,757180,Health Care,Biotechnology: Pharmaceutical Preparations
TEX,Terex Corporation Common Stock,$44.425,-0.265,-0.593%,2998687500.00,United States,,39141,Industrials,Construction/Ag Equipment/Trucks
TFC,Truist Financial Corporation Common Stock,$46.07,0.41,0.898%,61124122888.00,United States,,385466,Finance,Major Banks
TFX,Teleflex Incorporated Common Stock,$216.81,-0.59,-0.271%,10169784172.00,United States,,22820,Health Care,Medical/Dental Instruments
TGNA,TEGNA Inc,$19.86,-0.03,-0.151%,4434605474.00,United States,,84746,Industrials,Broadcasting
THC,Tenet Healthcare Corporation Common Stock,$43.885,-1.225,-2.716%,4744986018.00,United States,,158753,Health Care,Hospital/Nursing Management
THG,Hanover Insurance Group Inc,$144.23,1.69,1.186%,5129151539.00,United States,,2885,Finance,Property-Casualty Insurers
THO,Thor Industries Inc. Common Stock,$82.15,-1.34,-1.605%,4410008831.00,United States,,90659,Industrials,Homebuilding
TIMB,TIM S.A. American Depositary Shares (Each representing 5 Common Shares) ,$12.255,0.375,3.157%,5933361560.00,,2020,117582,Telecommunications,Telecommunications Equipment
TKC,Turkcell Iletisim Hizmetleri AS Common Stock,$4.115,0.095,2.363%,3593392793.00,Turkey,,54096,Telecommunications,Telecommunications Equipment
TKR,Timken Company (The) Common Stock,$74.16,1.03,1.408%,5394664783.00,United States,,37580,Industrials,Metal Fabrications
TLK,PT Telekomunikasi Indonesia Tbk,$25.56,-0.22,-0.853%,25320302537.00,Indonesia,,16213,Telecommunications,Telecommunications Equipment
TMO,Thermo Fisher Scientific Inc Common Stock,$534.11,-1.13,-0.211%,209475568949.00,United States,,188675,Industrials,Biotechnology: Laboratory Analytical Instruments
TOST,Toast Inc. Class A Common Stock,$18.03,-0.17,-0.934%,9388907222.00,,2021,461035,Technology,EDP Services
TPL,Texas Pacific Land Corporation Common Stock,$2601.3829,-102.5071,-3.791%,20042344148.00,United States,,2269,Energy,Oil & Gas Production
TRN,Trinity Industries Inc. Common Stock,$29.49,-0.11,-0.372%,2400585352.00,United States,,14750,Industrials,Railroads
TROX,Tronox Holdings plc Ordinary Shares (UK),$13.56,-0.44,-3.143%,2094546376.00,United States,,43567,Industrials,Multi-Sector Companies
TRU,TransUnion Common Stock,$60.315,-0.125,-0.207%,11622700500.00,United States,2015,49276,Finance,Advertising
TRV,The Travelers Companies Inc. Common Stock,$185.85,1.29,0.699%,43553487521.00,United States,,109838,Finance,Property-Casualty Insurers
TS,Tenaris S.A. American Depositary Shares,$32.17,-1.79,-5.271%,18988934911.00,Luxembourg,,408372,Industrials,Steel/Iron Ore
TSM,Taiwan Semiconductor Manufacturing Company Ltd.,$80.06,-2.21,-2.686%,415197244560.00,Taiwan,1997,5226982,Technology,Semiconductors
TT,Trane Technologies plc,$177.03,0.79,0.448%,40771300611.00,Ireland,,61906,Industrials,Auto Parts:O.E.M.
TTE,TotalEnergies SE,$57.7464,-1.8336,-3.078%,144984643940.00,France,,340220,Energy,Oil & Gas Production
TV,Grupo Televisa S.A. Common Stock,$5.295,-0.105,-1.944%,2991196184.00,Mexico,1993,86893,Industrials,Broadcasting
TWLO,Twilio Inc. Class A Common Stock,$46.525,-2.725,-5.533%,8576437296.00,United States,2016,1042098,Industrials,Industrial Machinery/Components
TX,Ternium S.A. Ternium S.A. American Depositary Shares (each representing ten shares USD1.00 par value),$30.415,-0.215,-0.702%,5970697996.00,Luxembourg,,19767,Industrials,Steel/Iron Ore
TXT,Textron Inc. Common Stock,$69.86,-0.21,-0.30%,14584775034.00,United States,,18825,Industrials,Aerospace
TYL,Tyler Technologies Inc. Common Stock,$313.36,-0.09,-0.029%,13048278437.00,United States,,19850,Technology,Computer Software: Prepackaged Software
U,Unity Software Inc. Common Stock,$33.34,-1.34,-3.864%,13776088000.00,United States,2020,3277804,Technology,Retail: Computer Software & Peripheral Equipment
UBER,Uber Technologies Inc. Common Stock,$28.4601,-0.4999,-1.726%,56761032337.00,,2019,2041702,Technology,EDP Services
UBS,UBS Group AG Registered Ordinary Shares,$18.31,0.00,0.00%,58268894398.00,Switzerland,2014,240075,Finance,Major Banks
UGP,Ultrapar Participacoes S.A. (New) American Depositary Shares (Each representing one Common Share),$2.435,-0.015,-0.612%,2651739662.00,Brazil,,152170,Energy,Oil Refining/Marketing
UHS,Universal Health Services Inc. Common Stock,$128.18,-0.49,-0.381%,9153389174.00,United States,,20364,Health Care,Hospital/Nursing Management
UI,Ubiquiti Inc. Common Stock,$292.38,-5.25,-1.764%,17668175760.00,United States,,4787,Technology,Radio And Television Broadcasting And Communications Equipment
UMC,United Microelectronics Corporation (NEW) Common Stock,$7.395,-0.035,-0.471%,18460418741.00,Taiwan,,585744,Technology,Semiconductors
UNH,UnitedHealth Group Incorporated Common Stock (DE),$526.81,-3.19,-0.602%,492224435147.00,United States,,390774,Health Care,Medical Specialities
UNM,Unum Group Common Stock,$40.89,0.05,0.122%,8134692747.00,United States,,107227,Finance,Accident &Health Insurance
UNP,Union Pacific Corporation Common Stock,$211.43,0.85,0.404%,129987333144.00,United States,,340412,Industrials,Railroads
UNVR,Univar Solutions Inc. Common Stock,$28.415,-0.125,-0.438%,4636376183.00,United States,2015,52039,Industrials,Specialty Chemicals
USB,U.S. Bancorp Common Stock,$43.76,0.38,0.876%,65019635747.00,United States,,636899,Finance,Major Banks
VAL,Valaris Limited Common Shares,$63.86,-3.07,-4.587%,4800910249.00,,2021,107486,Energy,Oil & Gas Production
VEEV,Veeva Systems Inc. Class A Common Stock,$182.43,-1.65,-0.896%,28327988356.00,,2013,64597,Health Care,Managed Health Care
VIV,Telefonica Brasil S.A. American Depositary Shares (Each representing One Common Share),$7.39,0.17,2.355%,12318421528.00,Brazil,2020,863818,Telecommunications,Telecommunications Equipment
VLO,Valero Energy Corporation Common Stock,$135.79,-1.83,-1.33%,52350205920.00,United States,,535039,Energy,Integrated oil Companies
VMI,Valmont Industries Inc. Common Stock,$324.26,-4.13,-1.258%,6917457387.00,United States,,26967,Industrials,Construction/Ag Equipment/Trucks
VMW,Vmware Inc. Common stock Class A,$116.63,0.07,0.06%,49337388722.00,United States,2007,113547,Technology,Computer Software: Prepackaged Software
VNT,Vontier Corporation Common Stock ,$19.495,0.175,0.906%,3080082015.00,,2020,95324,Industrials,Industrial Machinery/Components
VOYA,Voya Financial Inc. Common Stock,$63.388,-0.252,-0.396%,6159593567.00,United States,2013,65293,Finance,Investment Managers
VRT,Vertiv Holdings LLC Class A Common Stock,$14.01,0.17,1.228%,5285910599.00,United States,2018,251216,Technology,Industrial Machinery/Components
VSH,Vishay Intertechnology Inc. Common Stock,$22.63,-0.20,-0.876%,3205876483.00,United States,,112339,Technology,Industrial Machinery/Components
VVV,Valvoline Inc. Common Stock,$32.725,0.175,0.538%,5792991150.00,United States,2016,52677,Industrials,Automotive Aftermarket
WAB,Westinghouse Air Brake Technologies Corporation Common Stock,$98.955,-0.205,-0.207%,17996734482.00,United States,,36529,Industrials,Railroads
WAL,Western Alliance Bancorporation Common Stock (DE),$67.155,-0.895,-1.315%,7313991874.00,United States,2005,31173,Finance,Major Banks
WAT,Waters Corporation Common Stock,$320.32,-0.84,-0.262%,19029434424.00,United States,1995,21932,Health Care,Medical Specialities
WBS,Webster Financial Corporation Common Stock,$53.00,0.39,0.741%,9222499419.00,United States,,23456,Finance,Major Banks
WD,Walker & Dunlop Inc Common Stock,$80.895,-0.295,-0.363%,2670512373.00,United States,2010,4975,Finance,Finance: Consumer Services
WDS,Woodside Energy Group Limited American Depositary Shares each representing one Ordinary Share,$24.32,-0.75,-2.992%,46177594431.00,,2022,53823,Energy,Oil & Gas Production
WES,Western Midstream Partners LP Common Units Representing Limited Partner Interests,$26.83,-0.83,-3.001%,10331427859.00,United States,2012,38377,Energy,Oilfield Services/Equipment
WEX,WEX Inc. common stock,$155.35,-1.79,-1.139%,6772181560.00,United States,,46717,Technology,EDP Services
WF,Woori Financial Group Inc. American Depositary Shares (each representing three (3) shares of Common Stock),$26.78,0.36,1.363%,6496083141.00,South Korea,,2199,Finance,Commercial Banks
WFC,Wells Fargo & Company Common Stock,$46.83,0.33,0.71%,178445288753.00,United States,,1247392,Finance,Major Banks
WHD,Cactus Inc. Class A Common Stock,$52.86,-2.31,-4.187%,3209599415.00,,2018,57251,Industrials,Metal Fabrications
WIT,Wipro Limited Common Stock,$4.815,-0.095,-1.935%,26348128768.00,India,,283631,Technology,EDP Services
WK,Workiva Inc. Class A Common Stock,$73.84,-0.64,-0.859%,3880118181.00,United States,2014,28680,Technology,Computer Software: Prepackaged Software
WLK,Westlake Corporation Common Stock,$102.355,-2.075,-1.987%,13054110946.00,United States,2004,34197,Industrials,Major Chemicals
WMS,Advanced Drainage Systems Inc. Common Stock,$93.10,2.38,2.623%,7713868091.00,United States,2014,209812,Industrials,Building Products
WOLF,Wolfspeed Inc. Common Stock,$89.035,-2.005,-2.202%,11059329029.00,United States,,169211,Technology,Semiconductors
WRB,W.R. Berkley Corporation Common Stock,$74.47,1.14,1.555%,19770006731.00,United States,,126401,Finance,Property-Casualty Insurers
WST,West Pharmaceutical Services Inc. Common Stock,$224.265,-0.735,-0.327%,16603007830.00,United States,,86124,Health Care,Medical/Dental Instruments
WTS,Watts Water Technologies Inc. Class A Common Stock,$156.94,0.23,0.147%,5225036534.00,United States,1986,3838,Industrials,Office Equipment/Supplies/Services
X,United States Steel Corporation Common Stock,$23.525,-0.045,-0.191%,5511176908.00,United States,,668250,Industrials,Steel/Iron Ore
XOM,Exxon Mobil Corporation Common Stock,$108.90,-3.18,-2.837%,448450200000.00,United States,,3617236,Energy,Oil & Gas Production
XYL,Xylem Inc. Common Stock New,$112.55,-0.08,-0.071%,20283933427.00,United States,2011,47506,Industrials,Fluid Controls
YELP,Yelp Inc. Common Stock,$29.17,-0.41,-1.386%,2033216354.00,United States,2012,30422,Technology,Internet and Information Services
YMM,Full Truck Alliance Co. Ltd. American Depositary Shares (each representing 20 Class A Ordinary Shares),$6.38,-0.33,-4.918%,7071596581.00,,2021,674143,Technology,Computer Software: Prepackaged Software
YOU,Clear Secure Inc. Class A Common Stock,$30.28,0.51,1.713%,2621176603.00,,2021,154647,Technology,Computer Software: Prepackaged Software
ZBH,Zimmer Biomet Holdings Inc. Common Stock,$114.70,0.61,0.535%,24070069362.00,United States,,62356,Health Care,Industrial Specialties
ZEN,Zendesk Inc. Common Stock,$77.48,0.02,0.026%,9625961557.00,,2014,1222005,Technology,EDP Services
ZTS,Zoetis Inc. Class A Common Stock,$144.44,-1.20,-0.824%,67319438958.00,United States,2013,148983,Health Care,Biotechnology: Pharmaceutical Preparations
